,demographic_parity_difference,equalized_odds_difference
logistic_regression,0.1448203804115466,0.10346199808511503
random_forest,0.11327693713904327,0.0497876643073812
fair_demographic_parity,0.013182957702214365,0.13654781391879084
fair_equalized_odds,0.06733379881777404,0.011918885518481068
