,demographic_parity_difference,equalized_odds_difference
logistic_regression,0.1448203804115466,0.10346199808511503
random_forest,0.11327693713904327,0.0497876643073812
fair_demographic_parity,0.014646542050258726,0.1350641343935683
fair_equalized_odds,0.06900155587201101,0.014098415908324904
