,accuracy,precision,recall,f1,roc_auc
logistic_regression,0.8507462686567164,0.7283870967741936,0.5871034841393655,0.6501583645263461,0.9038345731657975
random_forest,0.8508691112339537,0.7170851194121249,0.608944357774311,0.6586051743532059,0.8994781809768572
fair_demographic_parity,0.8473066764940729,0.7328767123287672,0.5564222568902756,0.6325746378953591,
fair_equalized_odds,0.8413488114980652,0.695813953488372,0.5834633385335414,0.6347051336444633,
