,accuracy,precision,recall,f1,roc_auc
logistic_regression,0.8507462686567164,0.7283870967741936,0.5871034841393655,0.6501583645263461,0.9038340295171919
random_forest,0.8508691112339537,0.7170851194121249,0.608944357774311,0.6586051743532059,0.8994781809768572
fair_demographic_parity,0.8466310423192679,0.7307560725282244,0.5553822152886115,0.6311124242871916,
fair_equalized_odds,0.8398747005712179,0.6914992272024729,0.5816432657306292,0.6318316621946052,
